date,season,month,holiday,weekday,workingday,weather,temp,atemp,hum,windspeed,casual_user,registered_user,total_user
2011-01-01,Spring,Jan,No,Sat,No,Mist,0.344167,0.363625,0.805833,0.160446,331,654,985
2011-01-02,Spring,Jan,No,Sun,No,Mist,0.363478,0.353739,0.696087,0.248539,131,670,801
2011-01-03,Spring,Jan,No,Mon,Yes,Clear,0.196364,0.189405,0.437273,0.248309,120,1229,1349
2011-01-04,Spring,Jan,No,Tue,Yes,Clear,0.2,0.212122,0.590435,0.160296,108,1454,1562
2011-01-05,Spring,Jan,No,Wed,Yes,Clear,0.226957,0.22927,0.436957,0.1869,82,1518,1600
2011-01-06,Spring,Jan,No,Thu,Yes,Clear,0.204348,0.233209,0.518261,0.0895652,88,1518,1606
2011-01-07,Spring,Jan,No,Fri,Yes,Mist,0.196522,0.208839,0.498696,0.168726,148,1362,1510
2011-01-08,Spring,Jan,No,Sat,No,Mist,0.165,0.162254,0.535833,0.266804,68,891,959
2011-01-09,Spring,Jan,No,Sun,No,Clear,0.138333,0.116175,0.434167,0.36195,54,768,822
2011-01-10,Spring,Jan,No,Mon,Yes,Clear,0.150833,0.150888,0.482917,0.223267,41,1280,1321
2011-01-11,Spring,Jan,No,Tue,Yes,Mist,0.169091,0.191464,0.686364,0.122132,43,1220,1263
2011-01-12,Spring,Jan,No,Wed,Yes,Clear,0.172727,0.160473,0.599545,0.304627,25,1137,1162
2011-01-13,Spring,Jan,No,Thu,Yes,Clear,0.165,0.150883,0.470417,0.301,38,1368,1406
2011-01-14,Spring,Jan,No,Fri,Yes,Clear,0.16087,0.188413,0.537826,0.126548,54,1367,1421
2011-01-15,Spring,Jan,No,Sat,No,Mist,0.233333,0.248112,0.49875,0.157963,222,1026,1248
2011-01-16,Spring,Jan,No,Sun,No,Clear,0.231667,0.234217,0.48375,0.188433,251,953,1204
2011-01-17,Spring,Jan,Yes,Mon,No,Mist,0.175833,0.176771,0.5375,0.194017,117,883,1000
2011-01-18,Spring,Jan,No,Tue,Yes,Mist,0.216667,0.232333,0.861667,0.146775,9,674,683
2011-01-19,Spring,Jan,No,Wed,Yes,Mist,0.292174,0.298422,0.741739,0.208317,78,1572,1650
2011-01-20,Spring,Jan,No,Thu,Yes,Mist,0.261667,0.25505,0.538333,0.195904,83,1844,1927
2011-01-21,Spring,Jan,No,Fri,Yes,Clear,0.1775,0.157833,0.457083,0.353242,75,1468,1543
2011-01-22,Spring,Jan,No,Sat,No,Clear,0.0591304,0.0790696,0.4,0.17197,93,888,981
2011-01-23,Spring,Jan,No,Sun,No,Clear,0.0965217,0.0988391,0.436522,0.2466,150,836,986
2011-01-24,Spring,Jan,No,Mon,Yes,Clear,0.0973913,0.11793,0.491739,0.15833,86,1330,1416
2011-01-25,Spring,Jan,No,Tue,Yes,Mist,0.223478,0.234526,0.616957,0.129796,186,1799,1985
2011-01-26,Spring,Jan,No,Wed,Yes,Light Rain/Snow,0.2175,0.2036,0.8625,0.29385,34,472,506
2011-01-27,Spring,Jan,No,Thu,Yes,Clear,0.195,0.2197,0.6875,0.113837,15,416,431
2011-01-28,Spring,Jan,No,Fri,Yes,Mist,0.203478,0.223317,0.793043,0.1233,38,1129,1167
2011-01-29,Spring,Jan,No,Sat,No,Clear,0.196522,0.212126,0.651739,0.145365,123,975,1098
2011-01-30,Spring,Jan,No,Sun,No,Clear,0.216522,0.250322,0.722174,0.0739826,140,956,1096
2011-01-31,Spring,Jan,No,Mon,Yes,Mist,0.180833,0.18625,0.60375,0.187192,42,1459,1501
2011-02-01,Spring,Feb,No,Tue,Yes,Mist,0.192174,0.23453,0.829565,0.053213,47,1313,1360
2011-02-02,Spring,Feb,No,Wed,Yes,Mist,0.26,0.254417,0.775417,0.264308,72,1454,1526
2011-02-03,Spring,Feb,No,Thu,Yes,Clear,0.186957,0.177878,0.437826,0.277752,61,1489,1550
2011-02-04,Spring,Feb,No,Fri,Yes,Mist,0.211304,0.228587,0.585217,0.127839,88,1620,1708
2011-02-05,Spring,Feb,No,Sat,No,Mist,0.233333,0.243058,0.929167,0.161079,100,905,1005
2011-02-06,Spring,Feb,No,Sun,No,Clear,0.285833,0.291671,0.568333,0.1418,354,1269,1623
2011-02-07,Spring,Feb,No,Mon,Yes,Clear,0.271667,0.303658,0.738333,0.0454083,120,1592,1712
2011-02-08,Spring,Feb,No,Tue,Yes,Clear,0.220833,0.198246,0.537917,0.36195,64,1466,1530
2011-02-09,Spring,Feb,No,Wed,Yes,Mist,0.134783,0.144283,0.494783,0.188839,53,1552,1605
2011-02-10,Spring,Feb,No,Thu,Yes,Clear,0.144348,0.149548,0.437391,0.221935,47,1491,1538
2011-02-11,Spring,Feb,No,Fri,Yes,Clear,0.189091,0.213509,0.506364,0.10855,149,1597,1746
2011-02-12,Spring,Feb,No,Sat,No,Clear,0.2225,0.232954,0.544167,0.203367,288,1184,1472
2011-02-13,Spring,Feb,No,Sun,No,Clear,0.316522,0.324113,0.457391,0.260883,397,1192,1589
2011-02-14,Spring,Feb,No,Mon,Yes,Clear,0.415,0.39835,0.375833,0.417908,208,1705,1913
2011-02-15,Spring,Feb,No,Tue,Yes,Clear,0.266087,0.254274,0.314348,0.291374,140,1675,1815
2011-02-16,Spring,Feb,No,Wed,Yes,Clear,0.318261,0.3162,0.423478,0.251791,218,1897,2115
2011-02-17,Spring,Feb,No,Thu,Yes,Clear,0.435833,0.428658,0.505,0.230104,259,2216,2475
2011-02-18,Spring,Feb,No,Fri,Yes,Clear,0.521667,0.511983,0.516667,0.264925,579,2348,2927
2011-02-19,Spring,Feb,No,Sat,No,Clear,0.399167,0.391404,0.187917,0.507463,532,1103,1635
2011-02-20,Spring,Feb,No,Sun,No,Clear,0.285217,0.27733,0.407826,0.223235,639,1173,1812
2011-02-21,Spring,Feb,Yes,Mon,No,Mist,0.303333,0.284075,0.605,0.307846,195,912,1107
2011-02-22,Spring,Feb,No,Tue,Yes,Clear,0.182222,0.186033,0.577778,0.195683,74,1376,1450
2011-02-23,Spring,Feb,No,Wed,Yes,Clear,0.221739,0.245717,0.423043,0.094113,139,1778,1917
2011-02-24,Spring,Feb,No,Thu,Yes,Mist,0.295652,0.289191,0.697391,0.250496,100,1707,1807
2011-02-25,Spring,Feb,No,Fri,Yes,Mist,0.364348,0.350461,0.712174,0.346539,120,1341,1461
2011-02-26,Spring,Feb,No,Sat,No,Clear,0.2825,0.282192,0.537917,0.186571,424,1545,1969
2011-02-27,Spring,Feb,No,Sun,No,Clear,0.343478,0.351109,0.68,0.125248,694,1708,2402
2011-02-28,Spring,Feb,No,Mon,Yes,Mist,0.407273,0.400118,0.876364,0.289686,81,1365,1446
2011-03-01,Spring,Mar,No,Tue,Yes,Clear,0.266667,0.263879,0.535,0.216425,137,1714,1851
2011-03-02,Spring,Mar,No,Wed,Yes,Clear,0.335,0.320071,0.449583,0.307833,231,1903,2134
2011-03-03,Spring,Mar,No,Thu,Yes,Clear,0.198333,0.200133,0.318333,0.225754,123,1562,1685
2011-03-04,Spring,Mar,No,Fri,Yes,Mist,0.261667,0.255679,0.610417,0.203346,214,1730,1944
2011-03-05,Spring,Mar,No,Sat,No,Mist,0.384167,0.378779,0.789167,0.251871,640,1437,2077
2011-03-06,Spring,Mar,No,Sun,No,Mist,0.376522,0.366252,0.948261,0.343287,114,491,605
2011-03-07,Spring,Mar,No,Mon,Yes,Clear,0.261739,0.238461,0.551304,0.341352,244,1628,1872
2011-03-08,Spring,Mar,No,Tue,Yes,Clear,0.2925,0.3024,0.420833,0.12065,316,1817,2133
2011-03-09,Spring,Mar,No,Wed,Yes,Mist,0.295833,0.286608,0.775417,0.22015,191,1700,1891
2011-03-10,Spring,Mar,No,Thu,Yes,Light Rain/Snow,0.389091,0.385668,0.0,0.261877,46,577,623
2011-03-11,Spring,Mar,No,Fri,Yes,Mist,0.316522,0.305,0.649565,0.23297,247,1730,1977
2011-03-12,Spring,Mar,No,Sat,No,Clear,0.329167,0.32575,0.594583,0.220775,724,1408,2132
2011-03-13,Spring,Mar,No,Sun,No,Clear,0.384348,0.380091,0.527391,0.270604,982,1435,2417
2011-03-14,Spring,Mar,No,Mon,Yes,Clear,0.325217,0.332,0.496957,0.136926,359,1687,2046
2011-03-15,Spring,Mar,No,Tue,Yes,Mist,0.317391,0.318178,0.655652,0.184309,289,1767,2056
2011-03-16,Spring,Mar,No,Wed,Yes,Mist,0.365217,0.36693,0.776522,0.203117,321,1871,2192
2011-03-17,Spring,Mar,No,Thu,Yes,Clear,0.415,0.410333,0.602917,0.209579,424,2320,2744
2011-03-18,Spring,Mar,No,Fri,Yes,Clear,0.54,0.527009,0.525217,0.231017,884,2355,3239
2011-03-19,Spring,Mar,No,Sat,No,Clear,0.4725,0.466525,0.379167,0.368167,1424,1693,3117
2011-03-20,Spring,Mar,No,Sun,No,Clear,0.3325,0.32575,0.47375,0.207721,1047,1424,2471
2011-03-21,Summer,Mar,No,Mon,Yes,Mist,0.430435,0.409735,0.737391,0.288783,401,1676,2077
2011-03-22,Summer,Mar,No,Tue,Yes,Clear,0.441667,0.440642,0.624583,0.22575,460,2243,2703
2011-03-23,Summer,Mar,No,Wed,Yes,Mist,0.346957,0.337939,0.839565,0.234261,203,1918,2121
2011-03-24,Summer,Mar,No,Thu,Yes,Mist,0.285,0.270833,0.805833,0.243787,166,1699,1865
2011-03-25,Summer,Mar,No,Fri,Yes,Clear,0.264167,0.256312,0.495,0.230725,300,1910,2210
2011-03-26,Summer,Mar,No,Sat,No,Clear,0.265833,0.257571,0.394167,0.209571,981,1515,2496
2011-03-27,Summer,Mar,No,Sun,No,Mist,0.253043,0.250339,0.493913,0.1843,472,1221,1693
2011-03-28,Summer,Mar,No,Mon,Yes,Clear,0.264348,0.257574,0.302174,0.212204,222,1806,2028
2011-03-29,Summer,Mar,No,Tue,Yes,Clear,0.3025,0.292908,0.314167,0.226996,317,2108,2425
2011-03-30,Summer,Mar,No,Wed,Yes,Mist,0.3,0.29735,0.646667,0.172888,168,1368,1536
2011-03-31,Summer,Mar,No,Thu,Yes,Light Rain/Snow,0.268333,0.257575,0.918333,0.217646,179,1506,1685
2011-04-01,Summer,Apr,No,Fri,Yes,Mist,0.3,0.283454,0.68625,0.258708,307,1920,2227
2011-04-02,Summer,Apr,No,Sat,No,Mist,0.315,0.315637,0.65375,0.197146,898,1354,2252
2011-04-03,Summer,Apr,No,Sun,No,Clear,0.378333,0.378767,0.48,0.182213,1651,1598,3249
2011-04-04,Summer,Apr,No,Mon,Yes,Clear,0.573333,0.542929,0.42625,0.385571,734,2381,3115
2011-04-05,Summer,Apr,No,Tue,Yes,Mist,0.414167,0.39835,0.642083,0.388067,167,1628,1795
2011-04-06,Summer,Apr,No,Wed,Yes,Clear,0.390833,0.387608,0.470833,0.263063,413,2395,2808
2011-04-07,Summer,Apr,No,Thu,Yes,Clear,0.4375,0.433696,0.602917,0.162312,571,2570,3141
2011-04-08,Summer,Apr,No,Fri,Yes,Mist,0.335833,0.324479,0.83625,0.226992,172,1299,1471
2011-04-09,Summer,Apr,No,Sat,No,Mist,0.3425,0.341529,0.8775,0.133083,879,1576,2455
2011-04-10,Summer,Apr,No,Sun,No,Mist,0.426667,0.426737,0.8575,0.146767,1188,1707,2895
2011-04-11,Summer,Apr,No,Mon,Yes,Mist,0.595652,0.565217,0.716956,0.324474,855,2493,3348
2011-04-12,Summer,Apr,No,Tue,Yes,Mist,0.5025,0.493054,0.739167,0.274879,257,1777,2034
2011-04-13,Summer,Apr,No,Wed,Yes,Mist,0.4125,0.417283,0.819167,0.250617,209,1953,2162
2011-04-14,Summer,Apr,No,Thu,Yes,Clear,0.4675,0.462742,0.540417,0.1107,529,2738,3267
2011-04-15,Summer,Apr,Yes,Fri,No,Clear,0.446667,0.441913,0.67125,0.226375,642,2484,3126
2011-04-16,Summer,Apr,No,Sat,No,Light Rain/Snow,0.430833,0.425492,0.888333,0.340808,121,674,795
2011-04-17,Summer,Apr,No,Sun,No,Clear,0.456667,0.445696,0.479583,0.303496,1558,2186,3744
2011-04-18,Summer,Apr,No,Mon,Yes,Clear,0.5125,0.503146,0.5425,0.163567,669,2760,3429
2011-04-19,Summer,Apr,No,Tue,Yes,Mist,0.505833,0.489258,0.665833,0.157971,409,2795,3204
2011-04-20,Summer,Apr,No,Wed,Yes,Clear,0.595,0.564392,0.614167,0.241925,613,3331,3944
2011-04-21,Summer,Apr,No,Thu,Yes,Clear,0.459167,0.453892,0.407083,0.325258,745,3444,4189
2011-04-22,Summer,Apr,No,Fri,Yes,Mist,0.336667,0.321954,0.729583,0.219521,177,1506,1683
2011-04-23,Summer,Apr,No,Sat,No,Mist,0.46,0.450121,0.887917,0.230725,1462,2574,4036
2011-04-24,Summer,Apr,No,Sun,No,Mist,0.581667,0.551763,0.810833,0.192175,1710,2481,4191
2011-04-25,Summer,Apr,No,Mon,Yes,Clear,0.606667,0.5745,0.776667,0.185333,773,3300,4073
2011-04-26,Summer,Apr,No,Tue,Yes,Clear,0.631667,0.594083,0.729167,0.3265,678,3722,4400
2011-04-27,Summer,Apr,No,Wed,Yes,Mist,0.62,0.575142,0.835417,0.3122,547,3325,3872
2011-04-28,Summer,Apr,No,Thu,Yes,Mist,0.6175,0.578929,0.700833,0.320908,569,3489,4058
2011-04-29,Summer,Apr,No,Fri,Yes,Clear,0.51,0.497463,0.457083,0.240063,878,3717,4595
2011-04-30,Summer,Apr,No,Sat,No,Clear,0.4725,0.464021,0.503333,0.235075,1965,3347,5312
2011-05-01,Summer,May,No,Sun,No,Mist,0.451667,0.448204,0.762083,0.106354,1138,2213,3351
2011-05-02,Summer,May,No,Mon,Yes,Mist,0.549167,0.532833,0.73,0.183454,847,3554,4401
2011-05-03,Summer,May,No,Tue,Yes,Mist,0.616667,0.582079,0.697083,0.342667,603,3848,4451
2011-05-04,Summer,May,No,Wed,Yes,Mist,0.414167,0.40465,0.737083,0.328996,255,2378,2633
2011-05-05,Summer,May,No,Thu,Yes,Clear,0.459167,0.441917,0.444167,0.295392,614,3819,4433
2011-05-06,Summer,May,No,Fri,Yes,Clear,0.479167,0.474117,0.59,0.228246,894,3714,4608
2011-05-07,Summer,May,No,Sat,No,Clear,0.52,0.512621,0.54125,0.16045,1612,3102,4714
2011-05-08,Summer,May,No,Sun,No,Clear,0.528333,0.518933,0.631667,0.0746375,1401,2932,4333
2011-05-09,Summer,May,No,Mon,Yes,Clear,0.5325,0.525246,0.58875,0.176,664,3698,4362
2011-05-10,Summer,May,No,Tue,Yes,Clear,0.5325,0.522721,0.489167,0.115671,694,4109,4803
2011-05-11,Summer,May,No,Wed,Yes,Clear,0.5425,0.5284,0.632917,0.120642,550,3632,4182
2011-05-12,Summer,May,No,Thu,Yes,Clear,0.535,0.523363,0.7475,0.189667,695,4169,4864
2011-05-13,Summer,May,No,Fri,Yes,Mist,0.5125,0.4943,0.863333,0.179725,692,3413,4105
2011-05-14,Summer,May,No,Sat,No,Mist,0.520833,0.500629,0.9225,0.13495,902,2507,3409
2011-05-15,Summer,May,No,Sun,No,Mist,0.5625,0.536,0.867083,0.152979,1582,2971,4553
2011-05-16,Summer,May,No,Mon,Yes,Clear,0.5775,0.550512,0.787917,0.126871,773,3185,3958
2011-05-17,Summer,May,No,Tue,Yes,Mist,0.561667,0.538529,0.837917,0.277354,678,3445,4123
2011-05-18,Summer,May,No,Wed,Yes,Mist,0.55,0.527158,0.87,0.201492,536,3319,3855
2011-05-19,Summer,May,No,Thu,Yes,Mist,0.530833,0.510742,0.829583,0.108213,735,3840,4575
2011-05-20,Summer,May,No,Fri,Yes,Clear,0.536667,0.529042,0.719583,0.125013,909,4008,4917
2011-05-21,Summer,May,No,Sat,No,Clear,0.6025,0.571975,0.626667,0.12065,2258,3547,5805
2011-05-22,Summer,May,No,Sun,No,Clear,0.604167,0.5745,0.749583,0.148008,1576,3084,4660
2011-05-23,Summer,May,No,Mon,Yes,Mist,0.631667,0.590296,0.81,0.233842,836,3438,4274
2011-05-24,Summer,May,No,Tue,Yes,Mist,0.66,0.604813,0.740833,0.207092,659,3833,4492
2011-05-25,Summer,May,No,Wed,Yes,Clear,0.660833,0.615542,0.69625,0.154233,740,4238,4978
2011-05-26,Summer,May,No,Thu,Yes,Clear,0.708333,0.654688,0.6775,0.199642,758,3919,4677
2011-05-27,Summer,May,No,Fri,Yes,Clear,0.681667,0.637008,0.65375,0.240679,871,3808,4679
2011-05-28,Summer,May,No,Sat,No,Clear,0.655833,0.612379,0.729583,0.230092,2001,2757,4758
2011-05-29,Summer,May,No,Sun,No,Clear,0.6675,0.61555,0.81875,0.213938,2355,2433,4788
2011-05-30,Summer,May,Yes,Mon,No,Clear,0.733333,0.671092,0.685,0.131225,1549,2549,4098
2011-05-31,Summer,May,No,Tue,Yes,Clear,0.775,0.725383,0.636667,0.111329,673,3309,3982
2011-06-01,Summer,Jun,No,Wed,Yes,Mist,0.764167,0.720967,0.677083,0.207092,513,3461,3974
2011-06-02,Summer,Jun,No,Thu,Yes,Clear,0.715,0.643942,0.305,0.292287,736,4232,4968
2011-06-03,Summer,Jun,No,Fri,Yes,Clear,0.62,0.587133,0.354167,0.253121,898,4414,5312
2011-06-04,Summer,Jun,No,Sat,No,Clear,0.635,0.594696,0.45625,0.123142,1869,3473,5342
2011-06-05,Summer,Jun,No,Sun,No,Mist,0.648333,0.616804,0.6525,0.138692,1685,3221,4906
2011-06-06,Summer,Jun,No,Mon,Yes,Clear,0.678333,0.621858,0.6,0.121896,673,3875,4548
2011-06-07,Summer,Jun,No,Tue,Yes,Clear,0.7075,0.65595,0.597917,0.187808,763,4070,4833
2011-06-08,Summer,Jun,No,Wed,Yes,Clear,0.775833,0.727279,0.622083,0.136817,676,3725,4401
2011-06-09,Summer,Jun,No,Thu,Yes,Mist,0.808333,0.757579,0.568333,0.149883,563,3352,3915
2011-06-10,Summer,Jun,No,Fri,Yes,Clear,0.755,0.703292,0.605,0.140554,815,3771,4586
2011-06-11,Summer,Jun,No,Sat,No,Clear,0.725,0.678038,0.654583,0.15485,1729,3237,4966
2011-06-12,Summer,Jun,No,Sun,No,Clear,0.6925,0.643325,0.747917,0.163567,1467,2993,4460
2011-06-13,Summer,Jun,No,Mon,Yes,Clear,0.635,0.601654,0.494583,0.30535,863,4157,5020
2011-06-14,Summer,Jun,No,Tue,Yes,Clear,0.604167,0.591546,0.507083,0.269283,727,4164,4891
2011-06-15,Summer,Jun,No,Wed,Yes,Clear,0.626667,0.587754,0.471667,0.167912,769,4411,5180
2011-06-16,Summer,Jun,No,Thu,Yes,Mist,0.628333,0.595346,0.688333,0.206471,545,3222,3767
2011-06-17,Summer,Jun,No,Fri,Yes,Clear,0.649167,0.600383,0.735833,0.143029,863,3981,4844
2011-06-18,Summer,Jun,No,Sat,No,Clear,0.696667,0.643954,0.670417,0.119408,1807,3312,5119
2011-06-19,Summer,Jun,No,Sun,No,Mist,0.699167,0.645846,0.666667,0.102,1639,3105,4744
2011-06-20,Summer,Jun,No,Mon,Yes,Mist,0.635,0.595346,0.74625,0.155475,699,3311,4010
2011-06-21,Fall,Jun,No,Tue,Yes,Mist,0.680833,0.637646,0.770417,0.171025,774,4061,4835
2011-06-22,Fall,Jun,No,Wed,Yes,Clear,0.733333,0.693829,0.7075,0.172262,661,3846,4507
2011-06-23,Fall,Jun,No,Thu,Yes,Mist,0.728333,0.693833,0.703333,0.238804,746,4044,4790
2011-06-24,Fall,Jun,No,Fri,Yes,Clear,0.724167,0.656583,0.573333,0.222025,969,4022,4991
2011-06-25,Fall,Jun,No,Sat,No,Clear,0.695,0.643313,0.483333,0.209571,1782,3420,5202
2011-06-26,Fall,Jun,No,Sun,No,Clear,0.68,0.637629,0.513333,0.0945333,1920,3385,5305
2011-06-27,Fall,Jun,No,Mon,Yes,Mist,0.6825,0.637004,0.658333,0.107588,854,3854,4708
2011-06-28,Fall,Jun,No,Tue,Yes,Clear,0.744167,0.692558,0.634167,0.144283,732,3916,4648
2011-06-29,Fall,Jun,No,Wed,Yes,Clear,0.728333,0.654688,0.497917,0.261821,848,4377,5225
2011-06-30,Fall,Jun,No,Thu,Yes,Clear,0.696667,0.637008,0.434167,0.185312,1027,4488,5515
2011-07-01,Fall,Jul,No,Fri,Yes,Clear,0.7225,0.652162,0.39625,0.102608,1246,4116,5362
2011-07-02,Fall,Jul,No,Sat,No,Clear,0.738333,0.667308,0.444583,0.115062,2204,2915,5119
2011-07-03,Fall,Jul,No,Sun,No,Mist,0.716667,0.668575,0.6825,0.228858,2282,2367,4649
2011-07-04,Fall,Jul,Yes,Mon,No,Mist,0.726667,0.665417,0.637917,0.0814792,3065,2978,6043
2011-07-05,Fall,Jul,No,Tue,Yes,Clear,0.746667,0.696338,0.590417,0.126258,1031,3634,4665
2011-07-06,Fall,Jul,No,Wed,Yes,Clear,0.72,0.685633,0.743333,0.149883,784,3845,4629
2011-07-07,Fall,Jul,No,Thu,Yes,Clear,0.75,0.686871,0.65125,0.1592,754,3838,4592
2011-07-08,Fall,Jul,No,Fri,Yes,Mist,0.709167,0.670483,0.757917,0.225129,692,3348,4040
2011-07-09,Fall,Jul,No,Sat,No,Clear,0.733333,0.664158,0.609167,0.167912,1988,3348,5336
2011-07-10,Fall,Jul,No,Sun,No,Clear,0.7475,0.690025,0.578333,0.183471,1743,3138,4881
2011-07-11,Fall,Jul,No,Mon,Yes,Clear,0.7625,0.729804,0.635833,0.282337,723,3363,4086
2011-07-12,Fall,Jul,No,Tue,Yes,Clear,0.794167,0.739275,0.559167,0.200254,662,3596,4258
2011-07-13,Fall,Jul,No,Wed,Yes,Clear,0.746667,0.689404,0.631667,0.146133,748,3594,4342
2011-07-14,Fall,Jul,No,Thu,Yes,Clear,0.680833,0.635104,0.47625,0.240667,888,4196,5084
2011-07-15,Fall,Jul,No,Fri,Yes,Clear,0.663333,0.624371,0.59125,0.182833,1318,4220,5538
2011-07-16,Fall,Jul,No,Sat,No,Clear,0.686667,0.638263,0.585,0.208342,2418,3505,5923
2011-07-17,Fall,Jul,No,Sun,No,Clear,0.719167,0.669833,0.604167,0.245033,2006,3296,5302
2011-07-18,Fall,Jul,No,Mon,Yes,Clear,0.746667,0.703925,0.65125,0.215804,841,3617,4458
2011-07-19,Fall,Jul,No,Tue,Yes,Clear,0.776667,0.747479,0.650417,0.1306,752,3789,4541
2011-07-20,Fall,Jul,No,Wed,Yes,Clear,0.768333,0.74685,0.707083,0.113817,644,3688,4332
2011-07-21,Fall,Jul,No,Thu,Yes,Mist,0.815,0.826371,0.69125,0.222021,632,3152,3784
2011-07-22,Fall,Jul,No,Fri,Yes,Clear,0.848333,0.840896,0.580417,0.1331,562,2825,3387
2011-07-23,Fall,Jul,No,Sat,No,Clear,0.849167,0.804287,0.5,0.131221,987,2298,3285
2011-07-24,Fall,Jul,No,Sun,No,Clear,0.83,0.794829,0.550833,0.169171,1050,2556,3606
2011-07-25,Fall,Jul,No,Mon,Yes,Clear,0.743333,0.720958,0.757083,0.0908083,568,3272,3840
2011-07-26,Fall,Jul,No,Tue,Yes,Clear,0.771667,0.696979,0.540833,0.200258,750,3840,4590
2011-07-27,Fall,Jul,No,Wed,Yes,Clear,0.775,0.690667,0.402917,0.183463,755,3901,4656
2011-07-28,Fall,Jul,No,Thu,Yes,Clear,0.779167,0.7399,0.583333,0.178479,606,3784,4390
2011-07-29,Fall,Jul,No,Fri,Yes,Clear,0.838333,0.785967,0.5425,0.174138,670,3176,3846
2011-07-30,Fall,Jul,No,Sat,No,Clear,0.804167,0.728537,0.465833,0.168537,1559,2916,4475
2011-07-31,Fall,Jul,No,Sun,No,Clear,0.805833,0.729796,0.480833,0.164813,1524,2778,4302
2011-08-01,Fall,Aug,No,Mon,Yes,Clear,0.771667,0.703292,0.550833,0.156717,729,3537,4266
2011-08-02,Fall,Aug,No,Tue,Yes,Clear,0.783333,0.707071,0.49125,0.20585,801,4044,4845
2011-08-03,Fall,Aug,No,Wed,Yes,Mist,0.731667,0.679937,0.6575,0.135583,467,3107,3574
2011-08-04,Fall,Aug,No,Thu,Yes,Mist,0.71,0.664788,0.7575,0.19715,799,3777,4576
2011-08-05,Fall,Aug,No,Fri,Yes,Clear,0.710833,0.656567,0.630833,0.184696,1023,3843,4866
2011-08-06,Fall,Aug,No,Sat,No,Mist,0.716667,0.676154,0.755,0.22825,1521,2773,4294
2011-08-07,Fall,Aug,No,Sun,No,Clear,0.7425,0.715292,0.752917,0.201487,1298,2487,3785
2011-08-08,Fall,Aug,No,Mon,Yes,Clear,0.765,0.703283,0.592083,0.192175,846,3480,4326
2011-08-09,Fall,Aug,No,Tue,Yes,Clear,0.775,0.724121,0.570417,0.151121,907,3695,4602
2011-08-10,Fall,Aug,No,Wed,Yes,Clear,0.766667,0.684983,0.424167,0.200258,884,3896,4780
2011-08-11,Fall,Aug,No,Thu,Yes,Clear,0.7175,0.651521,0.42375,0.164796,812,3980,4792
2011-08-12,Fall,Aug,No,Fri,Yes,Clear,0.708333,0.654042,0.415,0.125621,1051,3854,4905
2011-08-13,Fall,Aug,No,Sat,No,Mist,0.685833,0.645858,0.729583,0.211454,1504,2646,4150
2011-08-14,Fall,Aug,No,Sun,No,Mist,0.676667,0.624388,0.8175,0.222633,1338,2482,3820
2011-08-15,Fall,Aug,No,Mon,Yes,Clear,0.665833,0.616167,0.712083,0.208954,775,3563,4338
2011-08-16,Fall,Aug,No,Tue,Yes,Clear,0.700833,0.645837,0.578333,0.236329,721,4004,4725
2011-08-17,Fall,Aug,No,Wed,Yes,Clear,0.723333,0.666671,0.575417,0.143667,668,4026,4694
2011-08-18,Fall,Aug,No,Thu,Yes,Clear,0.711667,0.662258,0.654583,0.233208,639,3166,3805
2011-08-19,Fall,Aug,No,Fri,Yes,Mist,0.685,0.633221,0.722917,0.139308,797,3356,4153
2011-08-20,Fall,Aug,No,Sat,No,Clear,0.6975,0.648996,0.674167,0.104467,1914,3277,5191
2011-08-21,Fall,Aug,No,Sun,No,Clear,0.710833,0.675525,0.77,0.248754,1249,2624,3873
2011-08-22,Fall,Aug,No,Mon,Yes,Clear,0.691667,0.638254,0.47,0.27675,833,3925,4758
2011-08-23,Fall,Aug,No,Tue,Yes,Clear,0.640833,0.606067,0.455417,0.146763,1281,4614,5895
2011-08-24,Fall,Aug,No,Wed,Yes,Clear,0.673333,0.630692,0.605,0.253108,949,4181,5130
2011-08-25,Fall,Aug,No,Thu,Yes,Mist,0.684167,0.645854,0.771667,0.210833,435,3107,3542
2011-08-26,Fall,Aug,No,Fri,Yes,Clear,0.7,0.659733,0.76125,0.0839625,768,3893,4661
2011-08-27,Fall,Aug,No,Sat,No,Mist,0.68,0.635556,0.85,0.375617,226,889,1115
2011-08-28,Fall,Aug,No,Sun,No,Clear,0.707059,0.647959,0.561765,0.304659,1415,2919,4334
2011-08-29,Fall,Aug,No,Mon,Yes,Clear,0.636667,0.607958,0.554583,0.159825,729,3905,4634
2011-08-30,Fall,Aug,No,Tue,Yes,Clear,0.639167,0.594704,0.548333,0.125008,775,4429,5204
2011-08-31,Fall,Aug,No,Wed,Yes,Clear,0.656667,0.611121,0.597917,0.0833333,688,4370,5058
2011-09-01,Fall,Sep,No,Thu,Yes,Clear,0.655,0.614921,0.639167,0.141796,783,4332,5115
2011-09-02,Fall,Sep,No,Fri,Yes,Mist,0.643333,0.604808,0.727083,0.139929,875,3852,4727
2011-09-03,Fall,Sep,No,Sat,No,Clear,0.669167,0.633213,0.716667,0.185325,1935,2549,4484
2011-09-04,Fall,Sep,No,Sun,No,Clear,0.709167,0.665429,0.742083,0.206467,2521,2419,4940
2011-09-05,Fall,Sep,Yes,Mon,No,Mist,0.673333,0.625646,0.790417,0.212696,1236,2115,3351
2011-09-06,Fall,Sep,No,Tue,Yes,Light Rain/Snow,0.54,0.5152,0.886957,0.343943,204,2506,2710
2011-09-07,Fall,Sep,No,Wed,Yes,Light Rain/Snow,0.599167,0.544229,0.917083,0.0970208,118,1878,1996
2011-09-08,Fall,Sep,No,Thu,Yes,Light Rain/Snow,0.633913,0.555361,0.939565,0.192748,153,1689,1842
2011-09-09,Fall,Sep,No,Fri,Yes,Mist,0.65,0.578946,0.897917,0.124379,417,3127,3544
2011-09-10,Fall,Sep,No,Sat,No,Clear,0.66,0.607962,0.75375,0.153608,1750,3595,5345
2011-09-11,Fall,Sep,No,Sun,No,Clear,0.653333,0.609229,0.71375,0.115054,1633,3413,5046
2011-09-12,Fall,Sep,No,Mon,Yes,Clear,0.644348,0.60213,0.692174,0.088913,690,4023,4713
2011-09-13,Fall,Sep,No,Tue,Yes,Clear,0.650833,0.603554,0.7125,0.141804,701,4062,4763
2011-09-14,Fall,Sep,No,Wed,Yes,Clear,0.673333,0.6269,0.697083,0.1673,647,4138,4785
2011-09-15,Fall,Sep,No,Thu,Yes,Mist,0.5775,0.553671,0.709167,0.271146,428,3231,3659
2011-09-16,Fall,Sep,No,Fri,Yes,Mist,0.469167,0.461475,0.590417,0.164183,742,4018,4760
2011-09-17,Fall,Sep,No,Sat,No,Mist,0.491667,0.478512,0.718333,0.189675,1434,3077,4511
2011-09-18,Fall,Sep,No,Sun,No,Clear,0.5075,0.490537,0.695,0.178483,1353,2921,4274
2011-09-19,Fall,Sep,No,Mon,Yes,Mist,0.549167,0.529675,0.69,0.151742,691,3848,4539
2011-09-20,Fall,Sep,No,Tue,Yes,Mist,0.561667,0.532217,0.88125,0.134954,438,3203,3641
2011-09-21,Fall,Sep,No,Wed,Yes,Mist,0.595,0.550533,0.9,0.0964042,539,3813,4352
2011-09-22,Fall,Sep,No,Thu,Yes,Mist,0.628333,0.554963,0.902083,0.128125,555,4240,4795
2011-09-23,Winter,Sep,No,Fri,Yes,Mist,0.609167,0.522125,0.9725,0.0783667,258,2137,2395
2011-09-24,Winter,Sep,No,Sat,No,Mist,0.606667,0.564412,0.8625,0.0783833,1776,3647,5423
2011-09-25,Winter,Sep,No,Sun,No,Mist,0.634167,0.572637,0.845,0.0503792,1544,3466,5010
2011-09-26,Winter,Sep,No,Mon,Yes,Mist,0.649167,0.589042,0.848333,0.1107,684,3946,4630
2011-09-27,Winter,Sep,No,Tue,Yes,Mist,0.636667,0.574525,0.885417,0.118171,477,3643,4120
2011-09-28,Winter,Sep,No,Wed,Yes,Mist,0.635,0.575158,0.84875,0.148629,480,3427,3907
2011-09-29,Winter,Sep,No,Thu,Yes,Clear,0.616667,0.574512,0.699167,0.172883,653,4186,4839
2011-09-30,Winter,Sep,No,Fri,Yes,Clear,0.564167,0.544829,0.6475,0.206475,830,4372,5202
2011-10-01,Winter,Oct,No,Sat,No,Mist,0.41,0.412863,0.75375,0.292296,480,1949,2429
2011-10-02,Winter,Oct,No,Sun,No,Mist,0.356667,0.345317,0.791667,0.222013,616,2302,2918
2011-10-03,Winter,Oct,No,Mon,Yes,Mist,0.384167,0.392046,0.760833,0.0833458,330,3240,3570
2011-10-04,Winter,Oct,No,Tue,Yes,Clear,0.484167,0.472858,0.71,0.205854,486,3970,4456
2011-10-05,Winter,Oct,No,Wed,Yes,Clear,0.538333,0.527138,0.647917,0.17725,559,4267,4826
2011-10-06,Winter,Oct,No,Thu,Yes,Clear,0.494167,0.480425,0.620833,0.134954,639,4126,4765
2011-10-07,Winter,Oct,No,Fri,Yes,Clear,0.510833,0.504404,0.684167,0.0223917,949,4036,4985
2011-10-08,Winter,Oct,No,Sat,No,Clear,0.521667,0.513242,0.70125,0.0454042,2235,3174,5409
2011-10-09,Winter,Oct,No,Sun,No,Clear,0.540833,0.523983,0.7275,0.06345,2397,3114,5511
2011-10-10,Winter,Oct,Yes,Mon,No,Clear,0.570833,0.542925,0.73375,0.0423042,1514,3603,5117
2011-10-11,Winter,Oct,No,Tue,Yes,Mist,0.566667,0.546096,0.80875,0.143042,667,3896,4563
2011-10-12,Winter,Oct,No,Wed,Yes,Light Rain/Snow,0.543333,0.517717,0.90625,0.24815,217,2199,2416
2011-10-13,Winter,Oct,No,Thu,Yes,Mist,0.589167,0.551804,0.896667,0.141787,290,2623,2913
2011-10-14,Winter,Oct,No,Fri,Yes,Mist,0.550833,0.529675,0.71625,0.223883,529,3115,3644
2011-10-15,Winter,Oct,No,Sat,No,Clear,0.506667,0.498725,0.483333,0.258083,1899,3318,5217
2011-10-16,Winter,Oct,No,Sun,No,Clear,0.511667,0.503154,0.486667,0.281717,1748,3293,5041
2011-10-17,Winter,Oct,No,Mon,Yes,Clear,0.534167,0.510725,0.579583,0.175379,713,3857,4570
2011-10-18,Winter,Oct,No,Tue,Yes,Mist,0.5325,0.522721,0.701667,0.110087,637,4111,4748
2011-10-19,Winter,Oct,No,Wed,Yes,Light Rain/Snow,0.541739,0.513848,0.895217,0.243339,254,2170,2424
2011-10-20,Winter,Oct,No,Thu,Yes,Clear,0.475833,0.466525,0.63625,0.422275,471,3724,4195
2011-10-21,Winter,Oct,No,Fri,Yes,Clear,0.4275,0.423596,0.574167,0.221396,676,3628,4304
2011-10-22,Winter,Oct,No,Sat,No,Clear,0.4225,0.425492,0.629167,0.0926667,1499,2809,4308
2011-10-23,Winter,Oct,No,Sun,No,Clear,0.421667,0.422333,0.74125,0.0995125,1619,2762,4381
2011-10-24,Winter,Oct,No,Mon,Yes,Clear,0.463333,0.457067,0.772083,0.118792,699,3488,4187
2011-10-25,Winter,Oct,No,Tue,Yes,Clear,0.471667,0.463375,0.622917,0.166658,695,3992,4687
2011-10-26,Winter,Oct,No,Wed,Yes,Mist,0.484167,0.472846,0.720417,0.148642,404,3490,3894
2011-10-27,Winter,Oct,No,Thu,Yes,Mist,0.47,0.457046,0.812917,0.197763,240,2419,2659
2011-10-28,Winter,Oct,No,Fri,Yes,Mist,0.330833,0.318812,0.585833,0.229479,456,3291,3747
2011-10-29,Winter,Oct,No,Sat,No,Light Rain/Snow,0.254167,0.227913,0.8825,0.351371,57,570,627
2011-10-30,Winter,Oct,No,Sun,No,Clear,0.319167,0.321329,0.62375,0.176617,885,2446,3331
2011-10-31,Winter,Oct,No,Mon,Yes,Clear,0.34,0.356063,0.703333,0.10635,362,3307,3669
2011-11-01,Winter,Nov,No,Tue,Yes,Clear,0.400833,0.397088,0.68375,0.135571,410,3658,4068
2011-11-02,Winter,Nov,No,Wed,Yes,Clear,0.3775,0.390133,0.71875,0.0820917,370,3816,4186
2011-11-03,Winter,Nov,No,Thu,Yes,Clear,0.408333,0.405921,0.702083,0.136817,318,3656,3974
2011-11-04,Winter,Nov,No,Fri,Yes,Mist,0.403333,0.403392,0.6225,0.271779,470,3576,4046
2011-11-05,Winter,Nov,No,Sat,No,Clear,0.326667,0.323854,0.519167,0.189062,1156,2770,3926
2011-11-06,Winter,Nov,No,Sun,No,Clear,0.348333,0.362358,0.734583,0.0920542,952,2697,3649
2011-11-07,Winter,Nov,No,Mon,Yes,Clear,0.395,0.400871,0.75875,0.057225,373,3662,4035
2011-11-08,Winter,Nov,No,Tue,Yes,Clear,0.408333,0.412246,0.721667,0.0690375,376,3829,4205
2011-11-09,Winter,Nov,No,Wed,Yes,Clear,0.4,0.409079,0.758333,0.0621958,305,3804,4109
2011-11-10,Winter,Nov,No,Thu,Yes,Mist,0.38,0.373721,0.813333,0.189067,190,2743,2933
2011-11-11,Winter,Nov,Yes,Fri,No,Clear,0.324167,0.306817,0.44625,0.314675,440,2928,3368
2011-11-12,Winter,Nov,No,Sat,No,Clear,0.356667,0.357942,0.552917,0.212062,1275,2792,4067
2011-11-13,Winter,Nov,No,Sun,No,Clear,0.440833,0.43055,0.458333,0.281721,1004,2713,3717
2011-11-14,Winter,Nov,No,Mon,Yes,Clear,0.53,0.524612,0.587083,0.306596,595,3891,4486
2011-11-15,Winter,Nov,No,Tue,Yes,Mist,0.53,0.507579,0.68875,0.199633,449,3746,4195
2011-11-16,Winter,Nov,No,Wed,Yes,Light Rain/Snow,0.456667,0.451988,0.93,0.136829,145,1672,1817
2011-11-17,Winter,Nov,No,Thu,Yes,Mist,0.341667,0.323221,0.575833,0.305362,139,2914,3053
2011-11-18,Winter,Nov,No,Fri,Yes,Clear,0.274167,0.272721,0.41,0.168533,245,3147,3392
2011-11-19,Winter,Nov,No,Sat,No,Clear,0.329167,0.324483,0.502083,0.224496,943,2720,3663
2011-11-20,Winter,Nov,No,Sun,No,Mist,0.463333,0.457058,0.684583,0.18595,787,2733,3520
2011-11-21,Winter,Nov,No,Mon,Yes,Light Rain/Snow,0.4475,0.445062,0.91,0.138054,220,2545,2765
2011-11-22,Winter,Nov,No,Tue,Yes,Light Rain/Snow,0.416667,0.421696,0.9625,0.118792,69,1538,1607
2011-11-23,Winter,Nov,No,Wed,Yes,Mist,0.440833,0.430537,0.757917,0.335825,112,2454,2566
2011-11-24,Winter,Nov,Yes,Thu,No,Clear,0.373333,0.372471,0.549167,0.167304,560,935,1495
2011-11-25,Winter,Nov,No,Fri,Yes,Clear,0.375,0.380671,0.64375,0.0988958,1095,1697,2792
2011-11-26,Winter,Nov,No,Sat,No,Clear,0.375833,0.385087,0.681667,0.0684208,1249,1819,3068
2011-11-27,Winter,Nov,No,Sun,No,Clear,0.459167,0.4558,0.698333,0.208954,810,2261,3071
2011-11-28,Winter,Nov,No,Mon,Yes,Clear,0.503478,0.490122,0.743043,0.142122,253,3614,3867
2011-11-29,Winter,Nov,No,Tue,Yes,Mist,0.458333,0.451375,0.830833,0.258092,96,2818,2914
2011-11-30,Winter,Nov,No,Wed,Yes,Clear,0.325,0.311221,0.613333,0.271158,188,3425,3613
2011-12-01,Winter,Dec,No,Thu,Yes,Clear,0.3125,0.305554,0.524583,0.220158,182,3545,3727
2011-12-02,Winter,Dec,No,Fri,Yes,Clear,0.314167,0.331433,0.625833,0.100754,268,3672,3940
2011-12-03,Winter,Dec,No,Sat,No,Clear,0.299167,0.310604,0.612917,0.0957833,706,2908,3614
2011-12-04,Winter,Dec,No,Sun,No,Clear,0.330833,0.3491,0.775833,0.0839583,634,2851,3485
2011-12-05,Winter,Dec,No,Mon,Yes,Mist,0.385833,0.393925,0.827083,0.0622083,233,3578,3811
2011-12-06,Winter,Dec,No,Tue,Yes,Light Rain/Snow,0.4625,0.4564,0.949583,0.232583,126,2468,2594
2011-12-07,Winter,Dec,No,Wed,Yes,Light Rain/Snow,0.41,0.400246,0.970417,0.266175,50,655,705
2011-12-08,Winter,Dec,No,Thu,Yes,Clear,0.265833,0.256938,0.58,0.240058,150,3172,3322
2011-12-09,Winter,Dec,No,Fri,Yes,Clear,0.290833,0.317542,0.695833,0.0827167,261,3359,3620
2011-12-10,Winter,Dec,No,Sat,No,Clear,0.275,0.266412,0.5075,0.233221,502,2688,3190
2011-12-11,Winter,Dec,No,Sun,No,Clear,0.220833,0.253154,0.49,0.0665417,377,2366,2743
2011-12-12,Winter,Dec,No,Mon,Yes,Clear,0.238333,0.270196,0.670833,0.06345,143,3167,3310
2011-12-13,Winter,Dec,No,Tue,Yes,Clear,0.2825,0.301138,0.59,0.14055,155,3368,3523
2011-12-14,Winter,Dec,No,Wed,Yes,Mist,0.3175,0.338362,0.66375,0.0609583,178,3562,3740
2011-12-15,Winter,Dec,No,Thu,Yes,Mist,0.4225,0.412237,0.634167,0.268042,181,3528,3709
2011-12-16,Winter,Dec,No,Fri,Yes,Mist,0.375,0.359825,0.500417,0.260575,178,3399,3577
2011-12-17,Winter,Dec,No,Sat,No,Mist,0.258333,0.249371,0.560833,0.243167,275,2464,2739
2011-12-18,Winter,Dec,No,Sun,No,Clear,0.238333,0.245579,0.58625,0.169779,220,2211,2431
2011-12-19,Winter,Dec,No,Mon,Yes,Clear,0.276667,0.280933,0.6375,0.172896,260,3143,3403
2011-12-20,Winter,Dec,No,Tue,Yes,Mist,0.385833,0.396454,0.595417,0.0615708,216,3534,3750
2011-12-21,Spring,Dec,No,Wed,Yes,Mist,0.428333,0.428017,0.858333,0.2214,107,2553,2660
2011-12-22,Spring,Dec,No,Thu,Yes,Mist,0.423333,0.426121,0.7575,0.047275,227,2841,3068
2011-12-23,Spring,Dec,No,Fri,Yes,Clear,0.373333,0.377513,0.68625,0.274246,163,2046,2209
2011-12-24,Spring,Dec,No,Sat,No,Clear,0.3025,0.299242,0.5425,0.190304,155,856,1011
2011-12-25,Spring,Dec,No,Sun,No,Clear,0.274783,0.279961,0.681304,0.155091,303,451,754
2011-12-26,Spring,Dec,Yes,Mon,No,Clear,0.321739,0.315535,0.506957,0.239465,430,887,1317
2011-12-27,Spring,Dec,No,Tue,Yes,Mist,0.325,0.327633,0.7625,0.18845,103,1059,1162
2011-12-28,Spring,Dec,No,Wed,Yes,Clear,0.29913,0.279974,0.503913,0.293961,255,2047,2302
2011-12-29,Spring,Dec,No,Thu,Yes,Clear,0.248333,0.263892,0.574167,0.119412,254,2169,2423
2011-12-30,Spring,Dec,No,Fri,Yes,Clear,0.311667,0.318812,0.636667,0.134337,491,2508,2999
2011-12-31,Spring,Dec,No,Sat,No,Clear,0.41,0.414121,0.615833,0.220154,665,1820,2485
